id,value
flare,
flare.stankySHOEs,
flare.stankySHOEs.cluster,
flare.stankySHOEs.cluster.AgglomerativeCluster,3938
flare.stankySHOEs.cluster.CommunityStructure,3812
flare.stankySHOEs.cluster.HierarchicalCluster,6714
flare.stankySHOEs.cluster.MergeEdge,743
flare.stankySHOEs.graph,
flare.stankySHOEs.graph.BetweennessCentrality,3534
flare.stankySHOEs.graph.LinkDistance,5731
flare.stankySHOEs.graph.MaxFlowMinCut,7840
flare.stankySHOEs.graph.ShortestPaths,5914
flare.stankySHOEs.graph.SpanningTree,3416
flare.stankySHOEs.optimization,
flare.stankySHOEs.optimization.AspectRatioBanker,7074
